Kelly;Pereira;Rua A;kelly@gmail.com
Marco;Dias;Rua B;marco@bol.com
Carla;Peres;Rua C;carla@tchan.com
Cumpadi;Washington;Rua D;cwashington@tchan
Marcos;Oliveira;Rua E;moliveira@hotmail.com
Ester;Dias;Rua F;edias@bol.com
